{
  "mean": 7.087654320987653,
  "std": 0.892545633380453,
  "min": 4.8,
  "max": 9.1,
  "window_size": 5
}